title,slug,published,source_url,pdf_url,status,file_path,note
Inferring Optical Tissue Properties from Photoplethysmography using Hybrid Amortized Inference,inferring-optical-tissue,2026-01-09,https://arxiv.org/abs/2510.02073,https://arxiv.org/pdf/2510.02073.pdf,downloaded,/Users/codex/Lab/01_monitoring/industry/01-apple/2026-01-09_inferring-optical-tissue.pdf,
Assessing the Feasibility of Large-Scale Digital Sensing for Depression and Anxiety: The Digital Mental Health Study,digital-mental-health,2025-12-10,https://www.medrxiv.org/content/10.1101/2025.10.01.25337105v1,,downloaded,/Users/codex/Lab/01_monitoring/industry/01-apple/2025-12-10_digital-mental-health.pdf,
Hybrid Modeling of Photoplethysmography for Non-Invasive Monitoring of Cardiovascular Parameters,photoplethysmography,2025-12-02,https://arxiv.org/abs/2511.14452,https://arxiv.org/pdf/2511.14452.pdf,downloaded,/Users/codex/Lab/01_monitoring/industry/01-apple/2025-12-02_photoplethysmography.pdf,
Learning the Relative Composition of EEG Signals Using Pairwise Relative Shift Pretraining,relative-composition-eeg,2025-11-20,https://arxiv.org/abs/2511.11940,https://arxiv.org/pdf/2511.11940.pdf,downloaded,/Users/codex/Lab/01_monitoring/industry/01-apple/2025-11-20_relative-composition-eeg.pdf,
Speech Foundation Models Generalize to Time Series Tasks from Wearable Sensor Data,speech-foundation,2025-11-20,https://www.arxiv.org/abs/2509.00221,https://www.arxiv.org/pdf/2509.00221.pdf,downloaded,/Users/codex/Lab/01_monitoring/industry/01-apple/2025-11-20_speech-foundation.pdf,
Beyond Sensor Data: Foundation Models of Behavioral Data from Wearables Improve Health Predictions,beyond-sensor,2025-07-11,https://arxiv.org/abs/2507.00191v1,https://arxiv.org/pdf/2507.00191v1.pdf,downloaded,/Users/codex/Lab/01_monitoring/industry/01-apple/2025-07-11_beyond-sensor.pdf,
Foundation Model Hidden Representations for Heart Rate Estimation from Auscultation,heart-rate-estimation,2025-05-28,https://arxiv.org/abs/2505.20745,https://arxiv.org/pdf/2505.20745.pdf,downloaded,/Users/codex/Lab/01_monitoring/industry/01-apple/2025-05-28_heart-rate-estimation.pdf,
Wearable Accelerometer Foundation Models for Health via Knowledge Distillation,wearable-accelerometer-foundation-models,2025-02-20,https://arxiv.org/abs/2412.11276,https://arxiv.org/pdf/2412.11276.pdf,downloaded,/Users/codex/Lab/01_monitoring/industry/01-apple/2025-02-20_wearable-accelerometer-foundation-models.pdf,
Mapping Cells Through Time and Space With Moscot,mapping-cells-through-time,2025-01-22,https://www.nature.com/articles/s41586-024-08453-2,,downloaded,/Users/codex/Lab/01_monitoring/industry/01-apple/2025-01-22_mapping-cells-through-time.pdf,
Leveraging Periodicity for Robustness with Multi-modal Mood Pattern Models,leveraging-periodicity,2024-12-03,https://openreview.net/forum?id=C84umKUkpn,https://openreview.net/pdf?id=C84umKUkpn,downloaded,/Users/codex/Lab/01_monitoring/industry/01-apple/2024-12-03_leveraging-periodicity.pdf,
Model-Driven Heart Rate Estimation and Heart Murmur Detection Based on Phonocardiogram,model-driven-heart,2024-08-01,https://arxiv.org/pdf/2407.18424,https://arxiv.org/pdf/2407.18424.pdf,downloaded,/Users/codex/Lab/01_monitoring/industry/01-apple/2024-08-01_model-driven-heart.pdf,
Pre-Trained Foundation Model Representations to Uncover Breathing Patterns in Speech,pretrained-foundation-model,2024-07-25,https://arxiv.org/abs/2407.13035,https://arxiv.org/pdf/2407.13035.pdf,downloaded,/Users/codex/Lab/01_monitoring/industry/01-apple/2024-07-25_pretrained-foundation-model.pdf,
Label-Efficient Sleep Staging Using Transformers Pre-trained with Position Prediction,label-efficient-sleep-staging,2024-04-29,https://arxiv.org/abs/2404.15308,https://arxiv.org/pdf/2404.15308.pdf,downloaded,/Users/codex/Lab/01_monitoring/industry/01-apple/2024-04-29_label-efficient-sleep-staging.pdf,
Frequency-Aware Masked Autoencoders for Multimodal Pretraining on Biosignals,frequency-aware-masked-autoencoders,2024-04-15,https://arxiv.org/abs/2309.05927,https://arxiv.org/pdf/2309.05927.pdf,downloaded,/Users/codex/Lab/01_monitoring/industry/01-apple/2024-04-15_frequency-aware-masked-autoencoders.pdf,
Large-scale Training of Foundation Models for Wearable Biosignals,large-scale-training,2024-01-29,https://arxiv.org/abs/2312.05409,https://arxiv.org/pdf/2312.05409.pdf,downloaded,/Users/codex/Lab/01_monitoring/industry/01-apple/2024-01-29_large-scale-training.pdf,
Hybrid Model Learning for Cardiovascular Biomarkers Inference,hybrid-model-learning,2024-01-22,https://openreview.net/forum?id=RP12BvHTnt,https://openreview.net/pdf?id=RP12BvHTnt,downloaded,/Users/codex/Lab/01_monitoring/industry/01-apple/2024-01-22_hybrid-model-learning.pdf,
Label Shift Estimators for Non-Ignorable Missing Data,label-shift-estimators,2023-11-17,https://arxiv.org/abs/2310.18261,https://arxiv.org/pdf/2310.18261.pdf,downloaded,/Users/codex/Lab/01_monitoring/industry/01-apple/2023-11-17_label-shift-estimators.pdf,
Slower Respiration Rate is Associated with Higher Self-reported Well-being After Wellness Training,slower-respiration-rate,2023-10-09,https://www.nature.com/articles/s41598-023-43176-w,,downloaded,/Users/codex/Lab/01_monitoring/industry/01-apple/2023-10-09_slower-respiration-rate.pdf,
Considerations for Distribution Shift Robustness in Health,considerations-distribution-shift,2023-05-02,https://openreview.net/pdf?id=y7XveyWYzIB,,downloaded,/Users/codex/Lab/01_monitoring/industry/01-apple/2023-05-02_considerations-distribution-shift.pdf,
Modeling Heart Rate Response to Exercise with Wearable Data,modeling-heart-rate,2022-12-05,https://openreview.net/pdf?id=HFpVlD0vQxx ,,downloaded,/Users/codex/Lab/01_monitoring/industry/01-apple/2022-12-05_modeling-heart-rate.pdf,
A Large-Scale Observational Study of the Causal Effects of a Behavioral Health Nudge,large-scale-observational,2022-11-09,https://openreview.net/forum?id=4NocV3GQRG9,https://openreview.net/pdf?id=4NocV3GQRG9,downloaded,/Users/codex/Lab/01_monitoring/industry/01-apple/2022-11-09_large-scale-observational.pdf,
MAEEG: Masked Auto-encoder for EEG Representation Learning,masked-auto-encoder,2022-11-09,https://arxiv.org/abs/2211.02625,https://arxiv.org/pdf/2211.02625.pdf,downloaded,/Users/codex/Lab/01_monitoring/industry/01-apple/2022-11-09_masked-auto-encoder.pdf,
Statistical Deconvolution for Inference of Infection Time Series,statistical-deconvolution,2022-11-07,https://journals.lww.com/epidem/Fulltext/2022/07000/Statistical_Deconvolution_for_Inference_of.5.aspx,,downloaded,/Users/codex/Lab/01_monitoring/industry/01-apple/2022-11-07_statistical-deconvolution.pdf,
Fusion-Id: A Photoplethysmography and Motion Sensor Fusion Biometric Authenticator With Few-Shot on-Boarding,photoplethysmography-motion-sensor-fusion,2022-10-24,https://ieeexplore.ieee.org/abstract/document/9746592,,downloaded,/Users/codex/Lab/01_monitoring/industry/01-apple/2022-10-24_photoplethysmography-motion-sensor-fusion.pdf,
Latent Temporal Flows for Multivariate Analysis of Wearables Data,latent-temporal-flows,2022-10-24,http://arxiv.org/abs/2210.07475,http://arxiv.org/pdf/2210.07475.pdf,downloaded,/Users/codex/Lab/01_monitoring/industry/01-apple/2022-10-24_latent-temporal-flows.pdf,
PhysioMTL: Personalizing Physiological Patterns using Optimal Transport Multi-Task Regression,physiomtl,2022-09-27,https://arxiv.org/abs/2203.12595,https://arxiv.org/pdf/2203.12595.pdf,downloaded,/Users/codex/Lab/01_monitoring/industry/01-apple/2022-09-27_physiomtl.pdf,
Learning Invariant Representations with Missing Data,learning-invariant-representations,2021-12-14,https://arxiv.org/abs/2112.00881,https://arxiv.org/pdf/2112.00881.pdf,downloaded,/Users/codex/Lab/01_monitoring/industry/01-apple/2021-12-14_learning-invariant-representations.pdf,
It’s Complicated: Characterizing The Time-varying Relationship Between Cell Phone Mobility and COVID-19 Spread in the US,covid-mobility,2021-11-18,https://www.nature.com/articles/s41746-021-00523-3,,downloaded,/Users/codex/Lab/01_monitoring/industry/01-apple/2021-11-18_covid-mobility.pdf,
Breiman’s Two Cultures: You Don’t Have to Choose Sides,breiman-two-cultures,2021-10-20,https://muse.jhu.edu/article/799728,,failed,,HTTP Error 503: Service Unavailable
Estimating Respiratory Rate From Breath Audio Obtained Through Wearable Microphones,estimating-respiratory-rate,2021-08-06,https://arxiv.org/abs/2107.14028,https://arxiv.org/pdf/2107.14028.pdf,downloaded,/Users/codex/Lab/01_monitoring/industry/01-apple/2021-08-06_estimating-respiratory-rate.pdf,
Subject-Aware Contrastive Learning for Biosignals,subject-aware-contrastive-learning,2021-08-06,https://arxiv.org/abs/2007.04871,https://arxiv.org/pdf/2007.04871.pdf,downloaded,/Users/codex/Lab/01_monitoring/industry/01-apple/2021-08-06_subject-aware-contrastive-learning.pdf,
Model-based Metrics: Sample-efficient Estimates of Predictive Model Subpopulation Performance,model-based-metrics,2021-07-29,https://arxiv.org/abs/2104.12231,https://arxiv.org/pdf/2104.12231.pdf,downloaded,/Users/codex/Lab/01_monitoring/industry/01-apple/2021-07-29_model-based-metrics.pdf,
Representing and Denoising Wearable ECG Recordings,wearable-ecg-recordings,2020-12-02,https://arxiv.org/abs/2012.00110,https://arxiv.org/pdf/2012.00110.pdf,downloaded,/Users/codex/Lab/01_monitoring/industry/01-apple/2020-12-02_wearable-ecg-recordings.pdf,
Learning Insulin-Glucose Dynamics in the Wild,learning-insulin-glucose-dynamics-in-the-wild,2020-08-06,https://arxiv.org/abs/2008.02852,https://arxiv.org/pdf/2008.02852.pdf,downloaded,/Users/codex/Lab/01_monitoring/industry/01-apple/2020-08-06_learning-insulin-glucose-dynamics-in-the-wild.pdf,
App Usage Predicts Cognitive Ability in Older Adults,app-usage-predicts-cognitive-ability,2019-12-31,https://dl.acm.org/doi/10.1145/3290605.3300398,,downloaded,/Users/codex/Lab/01_monitoring/industry/01-apple/2019-12-31_app-usage-predicts-cognitive-ability.pdf,
Modeling Patterns of Smartphone Usage and their Relationship to Cognitive Health,modeling-patterns-of-smartphone-usage-and-their-relationship-to-cognitive-health,2019-11-13,https://arxiv.org/abs/1911.05683,https://arxiv.org/pdf/1911.05683.pdf,downloaded,/Users/codex/Lab/01_monitoring/industry/01-apple/2019-11-13_modeling-patterns-of-smartphone-usage-and-their-relationship-to-cognitive-health.pdf,
Developing Measures of Cognitive Impairment in the Real World from Consumer-Grade Multimodal Sensor Streams,developing-measures-of-cognitive-impairment-in-the-real-world-from-consumer-grade-multimodal-sensor-streams,2019-08-08,https://dl.acm.org/doi/pdf/10.1145/3292500.3330690,,downloaded,/Users/codex/Lab/01_monitoring/industry/01-apple/2019-08-08_developing-measures-of-cognitive-impairment-in-the-real-world-from-consumer-grade-multimodal-sensor-streams.pdf,
