财报类型,股票代码,上市公司,年报,年报,年报,年报,年报,年报,年报,年报,年报
日期,="000651",="格力电器",2024-12-31,2023-12-31,2022-12-31,2021-12-31,2020-12-31,2019-12-31,2018-12-31,2017-12-31,2016-12-31
日期,="000333",="美的集团",2024-12-31,2023-12-31,2022-12-31,2021-12-31,2020-12-31,2019-12-31,2018-12-31,2017-12-31,2016-12-31
货币,="000651",="格力电器",元,元,元,元,元,元,元,元,元
货币,="000333",="美的集团",元,元,元,元,元,元,元,元,元
经营活动产生的现金流量,,,,,,,,,,,
销售商品、提供劳务收到的现金,="000651",="格力电器",=171937113993,=222450716186,=191722692751,=169646517566,=155890384314,=166387697954,=135029126383,=107599120105,=69896621293
销售商品、提供劳务收到的现金,="000333",="美的集团",=388661338000,=356076005000,=316997825000,=310489824000,=240052501000,=238815589000,=211230723000,=195820338000,=153324273000
发放贷款及垫款的净减少额,="000651",="格力电器",=0,=0,=0,=0,=0,=0,=0,=0,=0
发放贷款及垫款的净减少额,="000333",="美的集团",=3979158000,=0,=6660035000,=0,=0,=0,=864209000,=0,=0
客户存款和同业及其他金融机构存放款项净增加额,="000651",="格力电器",=50560729,=35681305,=36042751,=-78563389,=-92506750,=31898182,=48934991,=121702928,=-421370376
客户存款和同业及其他金融机构存放款项净增加额,="000333",="美的集团",=48384000,=11491000,=0,=0,=25058000,=18091000,=0,=72218000,=0
向中央银行借款净增加额,="000651",="格力电器",=0,=0,=0,=0,=0,=0,=0,=-4274000,=-3726000
向中央银行借款净增加额,="000333",="美的集团",=0,=0,=0,=178878000,=0,=693023000,=99754000,=0,=286915000
向其他金融机构拆入资金净增加额,="000651",="格力电器",=0,=0,=-300000000,=0,=-700000000,=1000000000,=0,=0,=0
向其他金融机构拆入资金净增加额,="000333",="美的集团",=0,=0,=0,=0,=0,=0,=0,=0,=0
收到原保险合同保费取得的现金,="000651",="格力电器",=0,=0,=0,=0,=0,=0,=0,=0,=0
收到原保险合同保费取得的现金,="000333",="美的集团",=0,=0,=0,=0,=0,=0,=0,=0,=0
收到再保险业务现金净额,="000651",="格力电器",=0,=0,=0,=0,=0,=0,=0,=0,=0
收到再保险业务现金净额,="000333",="美的集团",=0,=0,=0,=0,=0,=0,=0,=0,=0
保户储金及投资款净增加额,="000651",="格力电器",=0,=0,=0,=0,=0,=0,=0,=0,=0
保户储金及投资款净增加额,="000333",="美的集团",=0,=0,=0,=0,=0,=0,=0,=0,=0
为交易目的而持有的金融资产净减少额,="000651",="格力电器",=0,=0,=0,=0,=0,=0,=0,=0,=0
为交易目的而持有的金融资产净减少额,="000333",="美的集团",=0,=0,=0,=0,=0,=0,=0,=0,=0
拆入资金净增加额,="000651",="格力电器",=0,=0,=0,=0,=0,=0,=0,=0,=0
拆入资金净增加额,="000333",="美的集团",=0,=0,=0,=0,=0,=0,=0,=0,=0
卖出回购业务资金净增加额,="000651",="格力电器",=0,=0,=-746500000,=271500000,=475000000,=2074500000,=0,=0,=0
卖出回购业务资金净增加额,="000333",="美的集团",=0,=0,=0,=0,=0,=0,=0,=0,=0
收取利息、手续费及佣金的现金,="000651",="格力电器",=690447891,=404330867,=316385823,=955723979,=1137265616,=1051389792,=1208127832,=1587554427,=1965747102
收取利息、手续费及佣金的现金,="000333",="美的集团",=1936687000,=1691771000,=1788062000,=1889716000,=1381851000,=1315921000,=2174661000,=1175477000,=783936000
代理买卖证券收到的现金净额,="000651",="格力电器",=0,=0,=0,=0,=0,=0,=0,=0,=0
代理买卖证券收到的现金净额,="000333",="美的集团",=0,=0,=0,=0,=0,=0,=0,=0,=0
收到的税费返还,="000651",="格力电器",=3596859029,=3267420421,=3671277019,=2467381243,=2484293128,=1854373548,=2356588272,=1657283101,=1139337700
收到的税费返还,="000333",="美的集团",=9278400000,=7332726000,=10934799000,=9968330000,=6574762000,=6271733000,=5705259000,=5476543000,=5124402000
收到的其他与经营活动有关现金,="000651",="格力电器",=3249319164,=2838768146,=3887782463,=3938701318,=4698328013,=2796063838,=7566986224,=2679909330,=2938826214
收到的其他与经营活动有关现金,="000333",="美的集团",=8871166000,=7721752000,=14047301000,=7888749000,=4950874000,=5008821000,=7131309000,=4771036000,=3139286000
经营活动现金流入小计,="000651",="格力电器",=179524300806,=228996916925,=198587680806,=177201260717,=163892764321,=175195923314,=146209763703,=113641295891,=75515435932
经营活动现金流入小计,="000333",="美的集团",=412775133000,=372833745000,=343767987000,=330415497000,=252985046000,=252123178000,=226341706000,=207315612000,=162658812000
购买商品、接收劳务支付的现金,="000651",="格力电器",=108253725553,=122277671203,=140307498967,=145601518405,=121793121344,=94214771390,=78045526789,=58365165227,=40478783811
购买商品、接收劳务支付的现金,="000333",="美的集团",=245627386000,=216446770000,=221345706000,=209216044000,=139660744000,=130099497000,=127367813000,=116508042000,=89440654000
发放贷款及垫款的净增加额,="000651",="格力电器",=1579170000,=3751715000,=-3541760000,=-1131768349,=-9091377402,=7529473836,=2343375956,=2023785462,=-4216183378
发放贷款及垫款的净增加额,="000333",="美的集团",=0,=333557000,=0,=4062432000,=6078053000,=318859000,=0,=1933348000,=3785600000
存放中央银行和同业及其他金融机构款项净增加额,="000651",="格力电器",=485197014,=121006302,=-142968623,=-633908557,=-976192488,=-31341719,=104458700,=237451561,=-1064180190
存放中央银行和同业及其他金融机构款项净增加额,="000333",="美的集团",=2045260000,=86661000,=0,=9355000,=1274496000,=99754000,=0,=1158040000,=0
向其他金融机构拆入资金净减少额,="000651",="格力电器",=0,=0,=0,=0,=0,=0,=0,=0,=0
向其他金融机构拆入资金净减少额,="000333",="美的集团",=0,=0,=0,=0,=0,=0,=0,=0,=0
支付原保险合同赔付等款项的现金,="000651",="格力电器",=0,=0,=0,=0,=0,=0,=0,=0,=0
支付原保险合同赔付等款项的现金,="000333",="美的集团",=0,=0,=0,=0,=0,=0,=0,=0,=0
拆出资金增加额,="000651",="格力电器",=0,=0,=0,=0,=0,=0,=0,=0,=0
拆出资金增加额,="000333",="美的集团",=0,=0,=0,=0,=0,=0,=0,=0,=0
买入返售金融资产净增加额,="000651",="格力电器",=0,=0,=0,=0,=0,=0,=0,=0,=0
买入返售金融资产净增加额,="000333",="美的集团",=0,=0,=0,=0,=0,=0,=0,=0,=0
支付保单红利的现金,="000651",="格力电器",=0,=0,=0,=0,=0,=0,=0,=0,=0
支付保单红利的现金,="000333",="美的集团",=0,=0,=0,=0,=0,=0,=0,=0,=0
为交易目的而持有的金融资产净增加额,="000651",="格力电器",=0,=0,=0,=0,=0,=0,=0,=0,=0
为交易目的而持有的金融资产净增加额,="000333",="美的集团",=0,=0,=0,=0,=0,=0,=0,=0,=0
支付利息、手续费及佣金的现金,="000651",="格力电器",=157403936,=126487510,=72151068,=525419504,=312753420,=103327388,=31566055,=184827335,=94593790
支付利息、手续费及佣金的现金,="000333",="美的集团",=5040000,=35232000,=57141000,=101110000,=113517000,=134251000,=198761000,=253650000,=442446000
支付给职工及为职工支付的现金,="000651",="格力电器",=11779145122,=11191368140,=10236422672,=9848593393,=8901277137,=8831213736,=8575412582,=7684869152,=5657046182
支付给职工及为职工支付的现金,="000333",="美的集团",=43788585000,=38605604000,=35674963000,=32095846000,=28460318000,=26851139000,=24709578000,=22740541000,=11652740000
支付的各种税费,="000651",="格力电器",=16976161859,=17572921744,=12501020989,=8371839467,=8184052901,=15128311797,=15141797895,=13196771806,=11333898758
支付的各种税费,="000333",="美的集团",=19521276000,=18488931000,=17387253000,=15613276000,=13407607000,=14897513000,=13739262000,=11139448000,=8824342000
支付的其他与经营活动有关现金,="000651",="格力电器",=10924246752,=17557320671,=10486879811,=12725203596,=15530492100,=21526452793,=15026834184,=15589887100,=8371524851
支付的其他与经营活动有关现金,="000333",="美的集团",=41276014000,=40934379000,=34645096000,=34225730000,=34433194000,=41131761000,=32465212000,=29139920000,=21818021000
经营活动现金流出小计,="000651",="格力电器",=150155050235,=172598490571,=169919244885,=175306897458,=144654127012,=147302209221,=119268972160,=97282757643,=60655483825
经营活动现金流出小计,="000333",="美的集团",=352263561000,=314931134000,=309110159000,=295323793000,=223427929000,=213532774000,=198480626000,=182872989000,=135963803000
经营活动产生的现金流量净额,="000651",="格力电器",=29369250571,=56398426354,=28668435921,=1894363259,=19238637309,=27893714094,=26940791543,=16358538248,=14859952107
经营活动产生的现金流量净额,="000333",="美的集团",=60511572000,=57902611000,=34657828000,=35091704000,=29557117000,=38590404000,=27861080000,=24442623000,=26695009000
投资活动产生的现金流量金额,,,,,,,,,,,
收回投资收到的现金,="000651",="格力电器",=28787096787,=21852693438,=6897604278,=7349802108,=9520639757,=3130974036,=6710785948,=3403888789,=3142289553
收回投资收到的现金,="000333",="美的集团",=112907842000,=116074693000,=98564716000,=121628148000,=141821724000,=84852601000,=65711622000,=85127382000,=73905220000
取得投资收益所收到的现金,="000651",="格力电器",=618087954,=688434561,=96017803,=161515419,=305411730,=426919989,=579489615,=152095873,=264728492
取得投资收益所收到的现金,="000333",="美的集团",=3984518000,=5336233000,=3800095000,=5648277000,=4874990000,=4026590000,=2097948000,=2727603000,=1954049000
处置固定资产、无形资产及其他长期资产收到的现金,="000651",="格力电器",=183166640,=1931290335,=22767687,=14956810,=6631830,=9614514,=6302073,=3549494,=27196375
处置固定资产、无形资产及其他长期资产收到的现金,="000333",="美的集团",=960404000,=391359000,=239226000,=336186000,=273544000,=125419000,=164070000,=1441101000,=191159000
处置子公司、合营联营企业及其他营业单位收到的现金净额,="000651",="格力电器",=100813456,=35000000,=67258354,=13498800,=0,=0,=0,=0,=0
处置子公司、合营联营企业及其他营业单位收到的现金净额,="000333",="美的集团",=78073000,=27134000,=14829000,=188490000,=42398000,=0,=24406000,=0,=272899000
(其中)处置子公司或其他营业单位收到的现金净额,="000651",="格力电器",=100813456,=35000000,=67258354,=13498800,=0,=0,=0,=0,=0
(其中)处置子公司或其他营业单位收到的现金净额,="000333",="美的集团",=78073000,=27134000,=14829000,=188490000,=42398000,=0,=24406000,=0,=272899000
(其中)处置合营或联营公司所收到的现金,="000651",="格力电器",=0,=0,=0,=0,=0,=0,=0,=0,=0
(其中)处置合营或联营公司所收到的现金,="000333",="美的集团",=0,=0,=0,=0,=0,=0,=0,=0,=0
收到的其他与投资活动相关的现金,="000651",="格力电器",=5165700915,=24715882327,=3443556900,=47851587196,=4322649440,=4878025331,=2652398105,=443244425,=6500000
收到的其他与投资活动相关的现金,="000333",="美的集团",=5000000,=373816000,=335082000,=0,=0,=0,=0,=0,=0
投资活动现金流入小计,="000651",="格力电器",=34854865753,=49223300661,=10527205021,=55391360333,=14155332758,=8445533871,=9948975741,=4002778582,=3440714420
投资活动现金流入小计,="000333",="美的集团",=117935837000,=122203235000,=102953948000,=127801101000,=147012656000,=89004610000,=67998046000,=89296086000,=76323327000
购建固定资产、无形资产及其他长期资产所支付的现金,="000651",="格力电器",=3299787341,=5425734303,=6036136316,=5727074800,=4528646805,=4713187966,=3837549167,=2424806991,=3276936027
购建固定资产、无形资产及其他长期资产所支付的现金,="000333",="美的集团",=7839636000,=6314051000,=7352115000,=6825357000,=4656582000,=3451856000,=5611851000,=3218402000,=2323430000
投资所支付的现金,="000651",="格力电器",=42462983877,=84267244633,=13467910482,=18154432703,=3561055957,=7192756039,=15477712506,=12419732250,=1496403699
投资所支付的现金,="000333",="美的集团",=197985757000,=146998174000,=108149195000,=105347246000,=176621347000,=108457398000,=80713830000,=94967122000,=90880725000
质押贷款净增加额,="000651",="格力电器",=0,=0,=0,=0,=0,=0,=0,=0,=0
质押贷款净增加额,="000333",="美的集团",=0,=0,=0,=0,=0,=0,=0,=0,=0
取得子公司、合营联营企业及其他营业单位支付的现金净额,="000651",="格力电器",=209444845,=239342398,=2031361368,=1747336404,=425875377,=774183781,=1029686313,=0,=0
取得子公司、合营联营企业及其他营业单位支付的现金净额,="000333",="美的集团",=0,=712000,=962148000,=2028912000,=1045390000,=203057000,=314653000,=25850170000,=2900256000
(其中)取得子公司及其营业单位支付的现金净额,="000651",="格力电器",=209444845,=239342398,=2031361368,=1747336404,=425875377,=774183781,=1029686313,=0,=0
(其中)取得子公司及其营业单位支付的现金净额,="000333",="美的集团",=0,=712000,=962148000,=2028912000,=1045390000,=203057000,=314653000,=25850170000,=2900256000
(其中)取得联营及合营公司支付的现金净额,="000651",="格力电器",=0,=0,=0,=0,=0,=0,=0,=0,=0
(其中)取得联营及合营公司支付的现金净额,="000333",="美的集团",=0,=0,=0,=0,=0,=0,=0,=0,=0
支付的其他与投资活动有关的现金,="000651",="格力电器",=4440559305,=308198671,=26048629647,=10532866,=5542024469,=7040454685,=11449793031,=51411697310,=17913927389
支付的其他与投资活动有关的现金,="000333",="美的集团",=12246000,=110153000,=0,=0,=0,=0,=0,=0,=0
投资活动现金流出小计,="000651",="格力电器",=50412775368,=90240520005,=47584037813,=25639376773,=14057602607,=19720582472,=31794741017,=66256236551,=22687267114
投资活动现金流出小计,="000333",="美的集团",=205837639000,=153423090000,=116463458000,=114201515000,=182323319000,=112112311000,=86640334000,=124035694000,=96104411000
投资活动产生的现金流量净额,="000651",="格力电器",=-15557909616,=-41017219344,=-37056832791,=29751983559,=97730150,=-11275048601,=-21845765276,=-62253457969,=-19246552694
投资活动产生的现金流量净额,="000333",="美的集团",=-87901802000,=-31219855000,=-13509510000,=13599586000,=-35310663000,=-23107701000,=-18642288000,=-34739608000,=-19781084000
筹资活动产生的现金流量,,,,,,,,,,,
吸收投资收到的现金,="000651",="格力电器",=61239812,=0,=32000000,=45113615,=14670000,=326850000,=0,=90490000,=0
吸收投资收到的现金,="000333",="美的集团",=34695921000,=2357841000,=1348283000,=1550951000,=2657489000,=2897917000,=2713366000,=1668205000,=814845000
(其中)子公司吸收少数股东投资收到的现金,="000651",="格力电器",=61239812,=0,=32000000,=45113615,=14670000,=326850000,=0,=90490000,=0
(其中)子公司吸收少数股东投资收到的现金,="000333",="美的集团",=32294000,=45581000,=26815000,=63159000,=114933000,=120427000,=615092000,=43052000,=32593000
取得借款收到的现金,="000651",="格力电器",=69114070361,=68622584547,=102926746831,=88802444042,=37599791535,=21268257924,=27633970524,=21610162758,=12382413205
取得借款收到的现金,="000333",="美的集团",=37800361000,=33888703000,=46476320000,=16033803000,=18070961000,=17117677000,=2524315000,=62169886000,=32422027000
发行债券收到的现金,="000651",="格力电器",=0,=0,=0,=0,=0,=0,=0,=0,=0
发行债券收到的现金,="000333",="美的集团",=0,=0,=2845196000,=0,=0,=0,=0,=0,=1999500000
收到的其他与筹资活动有关的现金,="000651",="格力电器",=5382824067,=20203186179,=20000000,=1143534794,=0,=0,=5110000,=160275000,=2110522946
收到的其他与筹资活动有关的现金,="000333",="美的集团",=180667000,=865591000,=4069663000,=3560467000,=34020963000,=0,=0,=0,=0
筹资活动产生的现金流入小计,="000651",="格力电器",=74558134240,=88825770726,=102978746831,=89991092450,=37614461535,=21595107924,=27639080524,=21860927758,=14492936151
筹资活动产生的现金流入小计,="000333",="美的集团",=72676949000,=37112135000,=54739462000,=21145221000,=54749413000,=20015594000,=5237681000,=63838091000,=35236372000
偿付债务支付的现金,="000651",="格力电器",=82643007053,=87009692090,=60908105526,=57868429528,=29475431120,=27657703656,=24227160996,=13008985203,=11054156840
偿付债务支付的现金,="000333",="美的集团",=24986249000,=33114644000,=40920787000,=18225351000,=8354338000,=8643875000,=3378492000,=36074251000,=26961143000
分配股利、利润或偿付利息所支付的现金,="000651",="格力电器",=15133493514,=13811350664,=18469103442,=17546695095,=14236014440,=13159380388,=862910397,=11121283724,=9180067572
分配股利、利润或偿付利息所支付的现金,="000333",="美的集团",=22821861000,=19643828000,=13740037000,=12894125000,=12822636000,=11055769000,=9303222000,=7908056000,=6046355000
(其中)子公司支付少数股东股利及利润,="000651",="格力电器",=35819000,=111193451,=49000000,=0,=411607065,=0,=0,=0,=0
(其中)子公司支付少数股东股利及利润,="000333",="美的集团",=409782000,=333316000,=279216000,=426947000,=425461000,=1651504000,=815998000,=815164000,=563320000
支付的其他与筹资活动有关的现金,="000651",="格力电器",=484846580,=4362544531,=13678745550,=39906551718,=15014513474,=0,=35162650,=0,=10271924
支付的其他与筹资活动有关的现金,="000333",="美的集团",=2170885000,=2263876000,=10933519000,=21230284000,=34328734000,=3589551000,=5943131000,=204139000,=2068962000
筹资活动产生的现金流出小计,="000651",="格力电器",=98261347148,=105183587285,=93055954518,=115321676341,=58725959033,=40817084045,=25125234042,=24130268927,=20244496336
筹资活动产生的现金流出小计,="000333",="美的集团",=49978995000,=55022348000,=65594343000,=52349760000,=55505708000,=23289195000,=18624845000,=44186446000,=35076460000
筹资活动产生的现金流量净额,="000651",="格力电器",=-23703212908,=-16357816559,=9922792313,=-25330583890,=-21111497498,=-19221976121,=2513846482,=-2269341169,=-5751560185
筹资活动产生的现金流量净额,="000333",="美的集团",=22697954000,=-17910213000,=-10854881000,=-31204539000,=-756295000,=-3273601000,=-13387164000,=19651645000,=159912000
四、汇率变动对现金及现金等价物的影响,="000651",="格力电器",=118633847,=136149040,=268517495,=-589068808,=-372392144,=203761625,=-196368149,=-1798027436,=4094503950
四、汇率变动对现金及现金等价物的影响,="000333",="美的集团",=-76256000,=-17251000,=288492000,=-485220000,=-383411000,=280376000,=289001000,=-36737000,=252576000
期初现金及现金等价物的余额,="000651",="格力电器",=30914196186,=31754656696,=29951743758,=24225049638,=26372571821,=28772120824,=21359616224,=71321360023,=77365016845
期初现金及现金等价物的余额,="000333",="美的集团",=59887260000,=51131968000,=40550039000,=23548508000,=30441760000,=17952282000,=21831653000,=12513730000,=5187317000
现金及现金等价物的净增加额,="000651",="格力电器",=-9773238106,=-840460509,=1802912938,=5726694120,=-2147522183,=-2399549003,=7412504600,=-49962288325,=-6043656822
现金及现金等价物的净增加额,="000333",="美的集团",=-4768532000,=8755292000,=10581929000,=17001531000,=-6893252000,=12489478000,=-3879371000,=9317923000,=7326413000
期末现金及现金等价物净余额,="000651",="格力电器",=21140958080,=30914196186,=31754656696,=29951743758,=24225049638,=26372571821,=28772120824,=21359071698,=71321360023
期末现金及现金等价物净余额,="000333",="美的集团",=55118728000,=59887260000,=51131968000,=40550039000,=23548508000,=30441760000,=17952282000,=21831653000,=12513730000
附注,,,,,,,,,,,
净利润,="000651",="格力电器",=32371069287,=27719022914,=23011344353,=22831893633,=22279242195,=24827243604,=26379029817,=22508599044,=15524634904
净利润,="000333",="美的集团",=38757214000,=33745352000,=29810231000,=29015376000,=27506542000,=25277144000,=21650419000,=18611190000,=15861912000
加：资产减值准备,="000651",="格力电器",=1209251820,=3317624806,=1383047783,=757142125,=273445629,=1122341886,=261674177,=263787002,=-991560
加：资产减值准备,="000333",="美的集团",=1008107000,=439777000,=533363000,=483420000,=705209000,=871909000,=447864000,=269112000,=380812000
信用减值损失,="000651",="格力电器",=0,=0,=0,=0,=0,=0,=0,=0,=0
信用减值损失,="000333",="美的集团",=4595000,=198624000,=513686000,=383451000,=247605000,=0,=0,=0,=0
固定资产折旧、油气资产折耗、生产性生物资产折旧,="000651",="格力电器",=4811341435,=4808144625,=4597938792,=3476137137,=3377378887,=2977103353,=2859799548,=1947939762,=1734645268
固定资产折旧、油气资产折耗、生产性生物资产折旧,="000333",="美的集团",=7823840000,=7348921000,=6507920000,=6182852000,=5020256000,=5168262000,=4817456000,=6695877000,=3578000000
投资性房地产的折旧及摊销,="000651",="格力电器",=0,=0,=0,=0,=0,=0,=0,=0,=0
投资性房地产的折旧及摊销,="000333",="美的集团",=0,=0,=0,=0,=0,=0,=0,=0,=0
使用权资产摊销,="000651",="格力电器",=0,=0,=0,=0,=0,=0,=0,=0,=0
使用权资产摊销,="000333",="美的集团",=0,=0,=0,=0,=0,=0,=0,=0,=0
无形资产摊销,="000651",="格力电器",=445567650,=475186592,=372007225,=168287721,=211327447,=215796438,=249550270,=84703932,=73307470
无形资产摊销,="000333",="美的集团",=0,=0,=0,=0,=0,=0,=0,=0,=0
长期待摊费用摊销,="000651",="格力电器",=0,=0,=0,=0,=0,=1519449,=979455,=355829,=8722728
长期待摊费用摊销,="000333",="美的集团",=0,=0,=0,=0,=0,=0,=0,=0,=0
处置固定资产、无形资产和其他长期资产的损失,="000651",="格力电器",=-16965091,=-382923792,=-608426,=-6212295,=-2945975,=0,=-636629,=1022346,=12245120
处置固定资产、无形资产和其他长期资产的损失,="000333",="美的集团",=-214895000,=0,=59854000,=-58257000,=60523000,=131131000,=0,=-1327251000,=111874000
固定资产报废损失,="000651",="格力电器",=115582653,=54190130,=53229011,=15960757,=7920200,=14205160,=23701565,=7440716,=0
固定资产报废损失,="000333",="美的集团",=0,=0,=0,=0,=0,=0,=0,=0,=0
公允价值变动损失,="000651",="格力电器",=273975504,=-437583989,=343575705,=58130545,=-200153472,=0,=-46257425,=-9212504,=-1093332135
公允价值变动损失,="000333",="美的集团",=-1302145000,=226492000,=251171000,=166406000,=-1762950000,=-1361163000,=810450000,=25045000,=-117376000
财务费用,="000651",="格力电器",=-3108257855,=-3910047956,=-3022815788,=-2206918302,=-3117118954,=-4096866714,=-1112658685,=1532766275,=-3245961681
财务费用,="000333",="美的集团",=-4025866000,=-3134637000,=-3226913000,=-3119978000,=-1714530000,=-2847411000,=-1265831000,=32845000,=-648949000
投资损失,="000651",="格力电器",=-765303512,=-217156605,=-86883942,=-522063223,=-713010072,=226634781,=-106768935,=-396648138,=2221356325
投资损失,="000333",="美的集团",=-1442940000,=-463561000,=-208054000,=-2365773000,=-2362462000,=-164132000,=-907326000,=-1830221000,=-1285961000
递延所得税资产减少,="000651",="格力电器",=-1100364409,=-1966236836,=-897724578,=-201498430,=993661744,=0,=-472601784,=-1155397827,=-909857443
递延所得税资产减少,="000333",="美的集团",=-1556421000,=-1865724000,=-1896424000,=-779754000,=-1424584000,=-1347604000,=-360724000,=-635894000,=-760228000
递延所得税负债增加,="000651",="格力电器",=-68885485,=585516093,=192514498,=220437932,=290136496,=0,=115790794,=128934696,=87552077
递延所得税负债增加,="000333",="美的集团",=64839000,=-65601000,=-424557000,=-647495000,=625273000,=149942000,=478982000,=-1055005000,=-61501000
存货的减少,="000651",="格力电器",=4545947127,=3656838547,=5509950724,=-13233904717,=-3734232466,=-4049893387,=-3003461177,=-7583437386,=421521791
存货的减少,="000333",="美的集团",=-15794154000,=206064000,=-423933000,=-15201834000,=-1803072000,=-2670712000,=-77387000,=-7730304000,=-3741683000
经营性应收项目的减少,="000651",="格力电器",=-512406906,=12312109489,=6522203497,=-2983553412,=15242828007,=-3656032332,=-10631225706,=-7844171074,=-5230038952
经营性应收项目的减少,="000333",="美的集团",=-14349722000,=-9747941000,=-19423895000,=-5453539000,=-16538695000,=-1445679000,=-17867374000,=-10314517000,=-841862000
经营性应付项目的增加,="000651",="格力电器",=-7735915199,=15003082210,=-10082543300,=-7479006628,=-18480942048,=19142521382,=6728841135,=9710075219,=4723681136
经营性应付项目的增加,="000333",="美的集团",=50345636000,=29692141000,=21556429000,=24908660000,=19916109000,=15916673000,=19226732000,=20860180000,=13673057000
其他,="000651",="格力电器",=-1095386448,=-4619339874,=773200367,=999530415,=2811099692,=-7349808732,=5695035124,=-2838219645,=532467061
其他,="000333",="美的集团",=1193484000,=0,=1028950000,=1578169000,=1081893000,=912044000,=907819000,=841566000,=546914000
一年内到期的可转换公司债券,="000651",="格力电器",=0,=0,=0,=0,=0,=0,=0,=0,=0
一年内到期的可转换公司债券,="000333",="美的集团",=0,=0,=0,=0,=0,=0,=0,=0,=0
融资租入固定资产,="000651",="格力电器",=0,=0,=0,=0,=0,=0,=0,=0,=0
融资租入固定资产,="000333",="美的集团",=0,=0,=0,=0,=0,=0,=0,=0,=0
经营活动产生的现金流量净额,="000651",="格力电器",=29369250571,=56398426354,=28668435921,=1894363259,=19238637309,=27893714094,=26940791543,=16358538248,=14859952107
经营活动产生的现金流量净额,="000333",="美的集团",=60511572000,=57902611000,=34657828000,=35091704000,=29557117000,=38590404000,=27861080000,=24442623000,=26695009000

数据来源于：理杏仁网站(lixinger.com)